Longitude,Latitude,Battery_Level,Total Duration,Total Distance
-114.087835,51.0276233,100.0,0.0,0.0
-114.087847,51.027586,100.0,0.0,0.0
-114.087917,51.027598,99.99452197815646,45.981,51.382
-114.087804,51.02585,99.99611536671229,73.437,247.163
-114.089689,51.025951,99.9383079345429,92.02,389.358
-114.094703,51.027685,99.85157858595542,142.789,812.0930000000001
-114.083646,51.108532,98.33535000830149,1138.891,10097.181
-114.045017,51.110532,98.76674221151949,1479.877,13006.445
-114.024846,51.94367,77.90541815333943,4760.710999999999,107242.609
-113.814262,52.121477,72.63713658849538,5578.249,131847.849
-113.860716,52.324595,67.73849229480989,6398.21,155750.24899999998
-113.66298,52.554494,61.039970411276045,7421.196,186472.224
-113.492881,53.425177,39.45953289369176,10747.512999999999,285930.997
-113.492473,53.430194,39.4855844764597,10769.422999999999,286490.43899999995
-113.654005,53.474998,36.65034886043124,11294.374,300341.80399999995
-113.660538,53.566066,34.62235825931208,11676.982,310558.9529999999
-113.660565,53.567523,34.66785621347607,11683.777,310722.4359999999
-113.800106,53.570157,32.66576916715323,12091.364,321273.44599999994
-113.807423,53.571245,32.591992714072184,12110.527,321778.55899999995
-113.808968,53.657953,30.574489483056087,12491.305,331638.008
-113.850683,54.355117,16.32313062924083,15725.359,410290.414
-114.102833,54.553467,12.175131772777629,17117.885000000002,438967.855
-114.059815,55.055536,2.035693655173162,19538.624000000003,496269.488
-114.058982,55.192335,-0.8506625576486861,20520.295000000002,514592.86100000003
-113.973663,55.518462,-7.3251765222843375,24805.475000000002,556179.349
-114.070289,55.499097,-7.208013062863187,25241.587000000003,562759.876
-114.069428,55.512165,-7.572588532388222,25399.147000000004,564359.638
-114.087835,55.520338992552155,-7.572588532388222,25399.147000000004,564359.638
-114.087835,51.0276233,100.0,0.0,0.0
-114.087847,51.027586,100.0,0.0,0.0
-114.087917,51.027598,99.99452197815646,45.981,51.382
-114.087804,51.02585,99.99611536671229,73.437,247.163
-114.089689,51.025951,99.9383079345429,92.02,389.358
-114.094703,51.027685,99.85157858595542,142.789,812.0930000000001
-114.083646,51.108532,98.33535000830149,1138.891,10097.181
-114.045017,51.110532,98.76674221151949,1479.877,13006.445
-114.024846,51.94367,77.90541815333943,4760.710999999999,107242.609
-113.814262,52.121477,72.63713658849538,5578.249,131847.849
-113.860716,52.324595,67.73849229480989,6398.21,155750.24899999998
-113.66298,52.554494,61.039970411276045,7421.196,186472.224
-113.492881,53.425177,39.45953289369176,10747.512999999999,285930.997
-113.492473,53.430194,39.4855844764597,10769.422999999999,286490.43899999995
-113.472497,53.437071,39.26074054198215,10841.697999999999,288222.66299999994
-113.351948,53.445034,37.007280425691775,11145.135999999999,296518.96199999994
-113.374155,53.62687,33.27459909398066,11903.698999999999,317466.65699999995
-113.383221,53.632258,33.25464837068389,11945.46,318315.42999999993
-113.318132,53.685594,31.639390517722692,12286.043,326581.65599999996
-113.320467,53.919533,26.717946916440766,13352.247,352690.23
-113.025328,54.036602,21.00385753603757,14384.322,380729.804
-112.95459,54.580545,8.806488318498142,16762.991,443670.511
-112.804407,54.594498,6.539387809043411,17164.354000000003,453991.17
-112.783635,54.810803,2.1947932714208838,18088.564000000002,478341.51399999997
-112.344514,54.820154,-3.104280136871587,19331.532000000003,506980.512
-112.342713,54.934919,-4.5230271861255,20056.914000000004,520176.149
-112.192013,54.994947,-5.938453060019892,20849.944000000003,532914.184
-112.189691,55.025339,-6.335891557419237,21230.909000000003,536376.751
-111.975555,55.05387,-8.206929225127137,22625.245000000003,550871.792
-111.968557,55.292871,-11.885967984740336,27268.363000000005,583284.233
-111.988614,55.300214,-12.136526846640761,27549.883000000005,584838.25
-112.04943765669529,55.35090459991658,-12.136526846640761,27549.883000000005,584838.25
-114.087835,51.0276233,100.0,0.0,0.0
-114.087847,51.027586,100.0,0.0,0.0
-114.087917,51.027598,99.99452197815646,45.981,51.382
-114.087804,51.02585,99.99611536671229,73.437,247.163
-114.089689,51.025951,99.9383079345429,92.02,389.358
-114.094703,51.027685,99.85157858595542,142.789,812.0930000000001
-114.083646,51.108532,98.33535000830149,1138.891,10097.181
-114.045017,51.110532,98.76674221151949,1479.877,13006.445
-114.00074,51.174183,96.826210304332,1857.661,21198.826999999997
-114.024846,51.94367,77.70885274559603,4761.827,107242.60800000001
-113.814262,52.121477,72.46857705182583,5579.365,131847.848
-113.860716,52.324595,67.57162847347882,6399.514999999999,155750.248
-113.817049,52.430942,64.90783857864301,6818.143999999999,168252.01499999998
-113.66298,52.554494,60.86911019130719,7422.500999999999,186472.22199999998
-113.642843,52.997736,49.56826267478282,9051.395999999999,236042.292
-113.492881,53.425177,39.279778974441854,10747.124999999998,285930.999
-113.492473,53.430194,39.29325588761854,10769.034999999998,286490.441
-113.472497,53.437071,39.068411953140995,10841.309999999998,288222.665
-113.351948,53.445034,36.81495183685062,11144.747999999998,296518.964
-113.374155,53.62687,33.082270505139505,11903.310999999998,317466.659
-113.383221,53.632258,33.06186478594245,11945.022999999997,318315.432
-113.318132,53.685594,31.401337782167996,12278.981999999998,326581.658
-113.317787,53.922149,26.33700296686514,13342.266999999998,353030.937
-113.152276,53.950362,23.989671667848405,13784.002999999999,365098.022
-113.133213,54.019436,22.319483561472232,14085.670999999998,373355.761
-112.801592,54.098868,17.912466421652546,15054.809999999998,397270.657
-111.571121,54.123907,3.748357823227467,18865.886,481583.36
-111.4053,54.180253,1.2539386481727366,19399.130999999998,494538.682
-110.859376,54.180777,-4.402697480100295,20955.806999999997,530488.639
-110.815919,54.265632,-5.679292780745657,21442.558999999997,541042.325
-110.755166,54.267958,-6.231192103323363,21648.926999999996,545079.458
-110.76192,54.442408,-9.421776016280496,22564.433999999997,564595.7509999999
-110.484933,54.456867,-13.050930902918477,23301.581,583267.7799999999
-110.474425,54.631637,-15.802030646986255,24973.449999999997,603854.7189999999
-110.473208,54.632292,-15.8052834566745,24982.803999999996,603963.2039999999
-110.338855,54.732557,-17.64040006124931,26695.263999999996,619775.4489999999
-110.317459,54.782478,-19.15798465767939,27733.297999999995,631268.9139999999
-110.1959241172141,54.8582342205158,-19.15798465767939,27733.297999999995,631268.9139999999
-114.087835,51.0276233,100.0,0.0,0.0
-114.087847,51.027586,100.0,0.0,0.0
-114.087917,51.027598,99.99452197815646,45.981,51.382
-114.087804,51.02585,99.99611536671229,73.437,247.163
-114.089689,51.025951,99.9383079345429,92.02,389.358
-114.094703,51.027685,99.85157858595542,142.789,812.0930000000001
-114.083646,51.108532,98.33535000830149,1138.891,10097.181
-114.045017,51.110532,98.76674221151949,1479.877,13006.445
-114.00074,51.174183,96.826210304332,1857.661,21198.826999999997
-114.024846,51.94367,77.70885274559603,4761.827,107242.60800000001
-113.814262,52.121477,72.46857705182583,5579.365,131847.848
-113.860716,52.324595,67.57162847347882,6399.514999999999,155750.248
-113.817049,52.430942,64.90783857864301,6818.143999999999,168252.01499999998
-113.66298,52.554494,60.86911019130719,7422.500999999999,186472.22199999998
-113.642843,52.997736,49.56826267478282,9051.395999999999,236042.292
-113.492881,53.425177,39.279778974441854,10747.124999999998,285930.999
-113.492473,53.430194,39.29325588761854,10769.034999999998,286490.441
-113.472497,53.437071,39.068411953140995,10841.309999999998,288222.665
-113.348603,53.44759,36.74913352417135,11157.910999999998,296880.035
-113.343983,53.556939,34.57687111632222,11601.120999999997,309137.28199999995
-113.343607,53.561186,34.6598697168522,11622.362999999998,309610.8109999999
-113.337592,53.567527,34.58196552475871,11659.985999999997,310467.57099999994
-112.293011,53.570087,19.432737917034586,14139.817999999997,379820.67999999993
-112.08291,53.478122,15.882766009397765,14778.472999999998,397834.75599999994
-111.930596,53.481527,13.381636415656725,15143.327999999998,408084.0829999999
-111.378839,53.307456,4.336441864976976,16707.676,451581.97399999993
-110.321711,53.333054,-10.448233539683802,19420.46,523354.6379999999
-110.323916,53.518159,-12.52114094334856,20505.951999999997,544057.519
-109.675811,53.511841,-19.59109240287356,22476.19,587743.64
-109.200149,53.598832,-26.059275293884838,24021.107,622117.398
-109.200063,53.635194,-26.540293005148705,24259.571,626165.2320000001
-109.128913,53.738736,-29.127450088442025,24859.84,639806.7570000001
-109.116636,54.006011,-33.84313018465152,26039.232,669779.2470000001
-108.683142,54.035204,-38.35884983214799,27600.92,700607.3990000001
-108.67777,54.086553,-38.73559678356439,28028.674,706405.7710000001
-108.68259752465627,54.0865555136594,-38.697215932203406,28028.677,706405.8
-114.087835,51.0276233,100.0,0.0,0.0
-114.087847,51.027586,100.0,0.0,0.0
-114.087917,51.027598,99.99452197815646,45.981,51.382
-114.086361,51.029279,99.94876645578898,72.601,270.211
-114.085833,51.032411,99.8740239443093,123.756,627.957
-114.083611,51.032419,99.85653968169184,150.137,783.517
-114.081521,51.041943,99.97205902924028,373.719,1868.981
-114.05842,51.041293,99.97515708369669,674.896,3487.5429999999997
-114.057926,51.048251,99.87978624302151,834.64,4263.526
-114.050708,51.04978,99.90003247468593,918.079,4834.207
-114.008754,51.045842,99.03629258724541,1119.828,7927.546
-114.001895,51.043844,98.99878397730645,1173.8,8495.472
-114.0016,51.06313,98.57875284606119,1382.437,10643.791
-113.691819,51.037581,95.00070394449729,2418.622,34777.907999999996
-113.686871,51.037374,94.81721435919017,2431.785,35125.03
-113.678579,51.212745,91.14571222668823,3232.0969999999998,55693.091
-113.521161,51.386963,87.00370127231564,4221.165999999999,80524.548
-112.908062,51.387099,79.32943335276063,5917.624,123307.943
-112.728181,51.417186,76.70271510351266,6476.519,137898.142
-112.700657,51.457851,77.3381140581996,6749.804,143134.835
-112.710014,51.461818,77.31521647023207,6813.644,143927.93
-112.721696,51.647688,72.0318567676368,7739.5470000000005,165123.78
-111.640448,51.619893,57.44060824450807,10611.649000000001,240425.913
-110.757135,51.401919,43.89097931579068,13132.801000000001,307324.882
-110.557611,51.387048,40.91543093058003,13673.831000000002,321646.124
-109.998026,51.38706,33.769763622460005,15155.915000000003,360911.69800000003
-109.763022,51.474846,30.032086156207704,15872.476000000002,380254.759
-109.168199,51.474911,22.04133635668326,17480.679000000004,421497.829
-109.129992,51.914158,14.153905795643741,19834.208000000002,471124.634
-109.153197,51.930864,13.96679604674974,20017.621000000003,473573.961
-109.144316,52.434916,4.366214921994741,22578.300000000003,531530.348
-108.713868,52.405694,-0.5803326497082102,24023.984000000004,561710.977
-108.713908,52.413099,-0.6300345920330639,24082.859000000004,562535.385
-108.689893,52.408959,-0.8085452905122568,24246.310000000005,564241.02
-108.592235,52.613687,-5.016915783510528,25456.097000000005,589287.911
-108.349933,52.734023,-6.9359529360224705,26476.531000000006,611449.071
-108.314471,52.736193,-7.097777280280711,26625.535000000007,613865.489
-108.312086,52.763942,-7.263976381911583,26831.741000000005,617225.2919999999
-108.299057,52.773369,-7.941051851074977,26937.368000000006,618635.9479999999
-108.301892,52.842058,-9.113419432030533,27431.327000000005,626303.1629999998
-108.011497,52.842068,-12.663345888356153,28406.094000000005,645828.9849999999
-107.985121,52.899456,-13.722482970195735,28806.115000000005,652844.0639999999
-107.866941,52.901542,-14.827343083866,29256.921000000006,660856.5489999999
-107.86619,52.958609,-16.067487451987795,29540.001000000007,667289.4199999999
-107.817922,52.960758,-16.4853801998976,29715.573000000008,670604.7869999999
-107.78319,53.15889,-21.653907726925045,30923.289000000008,694718.4629999999
-107.609982,53.163137,-23.421665433675262,31504.928000000007,706390.4999999999
-107.609933,53.105006,-24.26042118769307,32047.590000000007,712861.6449999999
-107.615941,53.104916,-24.21152856717897,32099.45400000001,713263.2909999999
-107.61580724145821,53.101708434793544,-24.223963848354977,32262.947000000007,714359.1509999998
-114.087835,51.0276233,100.0,0.0,0.0
-114.087847,51.027586,100.0,0.0,0.0
-114.087917,51.027598,99.99452197815646,45.981,51.382
-114.086361,51.029279,99.94876645578898,72.601,270.211
-114.085833,51.032411,99.8740239443093,123.756,627.957
-114.083611,51.032419,99.85653968169184,150.137,783.517
-114.081521,51.041943,99.97205902924028,373.719,1868.981
-114.05842,51.041293,99.97515708369669,674.896,3487.5429999999997
-114.057926,51.048251,99.87978624302151,834.64,4263.526
-114.050708,51.04978,99.90003247468593,918.079,4834.207
-114.008754,51.045842,99.03629258724541,1119.828,7927.546
-114.001895,51.043844,98.99878397730645,1173.8,8495.472
-114.0016,51.06313,98.57875284606119,1382.437,10643.791
-113.691819,51.037581,95.00070394449729,2418.622,34777.907999999996
-113.686871,51.037374,94.81721435919017,2431.785,35125.03
-113.678579,51.212745,91.14571222668823,3232.0969999999998,55693.091
-113.521161,51.386963,87.00370127231564,4221.165999999999,80524.548
-112.908062,51.387099,79.32943335276063,5917.624,123307.943
-112.728181,51.417186,76.70271510351266,6476.519,137898.142
-112.700657,51.457851,77.3381140581996,6749.804,143134.835
-112.710014,51.461818,77.31521647023207,6813.644,143927.93
-112.721696,51.647688,72.0318567676368,7739.5470000000005,165123.78
-111.64133,51.61999,57.452892946906786,10609.278,240364.00699999998
-110.755776,51.401667,43.8796415028625,13137.869,307423.40499999997
-109.998026,51.38706,33.77823153746185,15157.289,360911.70999999996
-109.76491,51.474725,30.067424248266157,15868.966,380123.175
-108.517476,51.474734,13.139443990881272,19243.989,466721.855
-108.161772,51.51146,8.548378522339235,20191.973,492219.55199999997
-107.740252,51.620233,2.855644316900004,21475.393000000004,524255.85299999994
-107.517989,51.784542,-1.2191783907326288,22456.019000000004,548150.5819999999
-107.253702,51.85386,-4.878481334257843,23217.436000000005,568029.521
-107.049647,51.97325,-8.648221478079558,23955.303000000004,587462.603
-107.051345,51.982056,-8.62159882131703,24009.258000000005,588459.0650000001
-107.050944,51.982292,-8.545892301641315,24015.944000000007,588502.8970000001
-107.0478061164382,51.98224072194079,-8.545892301641315,24015.944000000007,588502.8970000001
-114.087835,51.0276233,100.0,0.0,0.0
-114.087847,51.027586,100.0,0.0,0.0
-114.087917,51.027598,99.99452197815646,45.981,51.382
-114.086361,51.029279,99.94876645578898,72.601,270.211
-114.085833,51.032411,99.8740239443093,123.756,627.957
-114.083611,51.032419,99.85653968169184,150.137,783.517
-114.081521,51.041943,99.97205902924028,373.719,1868.981
-114.05842,51.041293,99.97515708369669,674.896,3487.5429999999997
-114.057926,51.048251,99.87978624302151,834.64,4263.526
-114.050708,51.04978,99.90003247468593,918.079,4834.207
-114.008754,51.045842,99.03629258724541,1119.828,7927.546
-114.001895,51.043844,98.99878397730645,1173.8,8495.472
-114.0016,51.06313,98.57875284606119,1382.437,10643.791
-113.691819,51.037581,95.00070394449729,2418.622,34777.907999999996
-113.686871,51.037374,94.81721435919017,2431.785,35125.03
-113.678579,51.212745,91.14571222668823,3232.0969999999998,55693.091
-113.521161,51.386963,87.00370127231564,4221.165999999999,80524.548
-112.908062,51.387099,79.32943335276063,5917.624,123307.943
-112.728181,51.417186,76.70271510351266,6476.519,137898.142
-112.700657,51.457851,77.3381140581996,6749.804,143134.835
-112.710014,51.461818,77.31521647023207,6813.644,143927.93
-112.721696,51.647688,72.0318567676368,7739.5470000000005,165123.78
-111.640448,51.619893,57.44060824450807,10611.649000000001,240425.913
-110.757135,51.401919,43.89097931579068,13132.801000000001,307324.882
-110.557268,51.387033,40.91049602086505,13674.717,321670.012
-109.998026,51.38706,33.76977079175803,15155.915,360911.7
-109.763022,51.474846,30.03208558622124,15872.476,380254.761
-108.517476,51.474734,13.131106503721018,19242.615,466721.839
-107.996672,51.547587,6.584163479012713,20685.780000000002,504709.007
-107.99609,51.503851,5.666014330990256,20916.155000000002,509599.174
-107.480351,51.474762,-0.059730123621728026,22547.651,545786.549
-107.480359,51.329072,-3.248579973028991,23242.625,562004.75
-107.434001,51.327383,-3.684749094531354,23443.543,565302.072
-107.423306,51.266932,-5.235819017526977,23802.371000000003,572241.1900000001
-107.421505,50.981536,-11.117220087899007,25215.504000000004,604120.8910000001
-107.050937,50.979657,-14.71724790660161,26412.565000000006,630154.8500000001
-107.050984,50.921538,-16.00198742189818,26747.555000000008,636628.893
-107.043542,50.921534,-15.918771920636278,26779.923000000006,637151.13
-107.043381,50.892541,-16.53573695303741,26948.017000000007,640378.693
-107.025094,50.892545,-16.513450115008872,27026.79200000001,641662.84
-107.020405,50.805179,-17.60662247911089,27528.99100000001,651426.828
-106.997281,50.805109,-17.875572342633635,27618.06500000001,653053.917
-106.98292622300168,50.810915257817285,-17.875572342633635,27618.06500000001,653053.917
-114.087835,51.0276233,100.0,0.0,0.0
-114.087847,51.027586,100.0,0.0,0.0
-114.087917,51.027598,99.99452197815646,45.981,51.382
-114.087804,51.02585,99.99611536671229,73.437,247.163
-114.089689,51.025951,99.9383079345429,92.02,389.358
-114.090444,51.024131,99.89519559058022,134.524,687.2909999999999
-114.118535,51.024052,99.31412302362759,429.306,2656.033
-114.118104,51.00343,99.08299181438412,591.754,4954.454
-114.099319,50.995172,99.12387318817294,714.341,6867.42
-114.041231,50.994237,99.13979198316306,1017.591,10971.128
-113.929869,50.979487,97.89359535606604,1534.74,19444.992
-113.913453,50.918014,96.37803523894964,1819.095,26743.839
-113.907346,50.906984,96.22459132081684,1881.199,28074.933
-113.005414,50.863491,85.94019267507839,4782.906,95086.581
-112.472033,50.832167,77.89766959611507,6138.6,133976.89
-112.348733,50.733183,75.06665093742866,6694.537,149203.084
-111.979033,50.634279,68.94065993713885,7701.2080000000005,177867.789
-110.596359,49.967262,42.91699736315404,12232.189,302606.297
-110.421985,49.982707,40.49314879885061,12720.347,315314.39300000004
-110.160686,49.937307,35.90498501449363,13428.982,335103.862
-109.345213,49.982008,23.271325252030643,15593.672,394682.522
-108.483864,50.101491,9.772983222039628,17969.055,459151.874
-108.483294,50.092935,9.672403952243753,18046.922,460109.079
-108.484756,50.092932,9.708203014502756,18071.049,460213.49100000004
-108.421506,49.727564,0.9275078724940435,19932.603,502403.90900000004
-107.404536,49.727439,-9.561288873830065,23310.879999999997,575916.3230000001
-107.404629,49.667964,-10.533440998754598,23930.418999999998,582537.089
-107.38909074299994,49.66795665521362,-10.481975225158708,23930.422,582537.111
-114.087835,51.0276233,100.0,0.0,0.0
-114.087847,51.027586,100.0,0.0,0.0
-114.087917,51.027598,99.99452197815646,45.981,51.382
-114.086361,51.029279,99.94876645578898,72.601,270.211
-114.085833,51.032411,99.8740239443093,123.756,627.957
-114.083611,51.032419,99.85653968169184,150.137,783.517
-114.081521,51.041943,99.97205902924028,373.719,1868.981
-114.05842,51.041293,99.97515708369669,674.896,3487.5429999999997
-114.057926,51.048251,99.87978624302151,834.64,4263.526
-114.050708,51.04978,99.90003247468593,918.079,4834.207
-114.008754,51.045842,99.03629258724541,1119.828,7927.546
-114.001895,51.043844,98.99878397730645,1173.8,8495.472
-114.0016,51.06313,98.57875284606119,1382.437,10643.791
-113.079635,51.035802,87.34923487053388,4028.3689999999997,77658.783
-113.02311,50.86501,82.97173251393208,4749.661999999999,97971.19099999999
-112.472033,50.832167,74.78184398163044,6144.502999999999,138139.28499999997
-112.348733,50.733183,71.95393909239074,6700.439999999999,153365.47899999996
-111.979033,50.634279,65.82394643328936,7706.627999999999,182030.18399999995
-110.596359,49.967262,39.81264157776798,12239.348999999998,306768.6919999999
-110.421985,49.982707,37.38851121934015,12727.506999999998,319476.78799999994
-110.160686,49.937307,32.78726387597234,13434.554999999998,339266.2569999999
-109.345213,49.982008,20.169202158531796,15601.204999999998,398844.9169999999
-108.483864,50.101491,6.597204303824741,17965.862999999998,463314.2689999999
-108.483294,50.092935,6.498229284325616,18043.969999999998,464271.47399999993
-108.484756,50.092932,6.534813646228182,18066.548,464375.88599999994
-108.484784,49.925423,2.0749981941271134,18935.024999999998,483097.45999999996
-108.421486,49.858453,0.3158502619126704,19318.673,491995.67199999996
-108.449828,49.383099,-9.127881293030054,21846.254,545607.8709999999
-108.382395,49.205737,-11.318545996862433,23111.341,567466.016
-108.391444,48.843887,-17.425202585561706,25179.919,608222.485
-108.390046,48.843515,-17.373831863861355,25204.488,608336.389
-108.39005,48.814681,-17.695960801956367,25709.004,611546.189
-108.368691,48.814474,-17.846965530065006,25959.573,613114.132
-108.368713,48.800955,-18.022160984718436,26115.06,614619.073
-108.367482,48.800225,-18.03478314299459,26128.361,614747.451
-108.346721,48.800139,-18.208818747040365,26284.99,616269.798
-108.346743,48.77851,-18.374877797349818,26663.982,618677.553
-108.34688,48.77554,-18.41518839965807,26715.939,619009.0959999999
-108.330428,48.767412,-18.5844672392687,27028.378999999997,620992.8709999999
-108.296948,48.669679,-19.790091664899816,28679.704999999998,635359.073
-108.25614,48.652605,-20.215041192742504,29093.344999999998,639380.237
-108.25521,48.652536,-20.20295204646552,29102.929999999997,639449.0599999999
-108.253393,48.644199,-20.210431701026728,29201.456999999995,640404.6619999999
-108.253444,48.624596,-20.35949775977156,29426.109999999993,642586.9239999999
-108.209855,48.62615,-20.704765897174713,29767.709999999992,645851.3339999999
-108.209717,48.626332,-20.68418378205554,29771.836999999992,645873.9959999999
-108.20958823477616,48.626300357898415,-20.68418378205554,29771.836999999992,645873.9959999999
-114.087835,51.0276233,100.0,0.0,0.0
-114.087847,51.027586,100.0,0.0,0.0
-114.087917,51.027598,99.99452197815646,45.981,51.382
-114.086361,51.029279,99.94876645578898,72.601,270.211
-114.085833,51.032411,99.8740239443093,123.756,627.957
-114.083611,51.032419,99.85653968169184,150.137,783.517
-114.081521,51.041943,99.97205902924028,373.719,1868.981
-114.05842,51.041293,99.97515708369669,674.896,3487.5429999999997
-114.057926,51.048251,99.87978624302151,834.64,4263.526
-114.050708,51.04978,99.90003247468593,918.079,4834.207
-114.008754,51.045842,99.03629258724541,1119.828,7927.546
-114.001895,51.043844,98.99878397730645,1173.8,8495.472
-114.0016,51.06313,98.57875284606119,1382.437,10643.791
-113.079635,51.035802,87.34923487053388,4028.3689999999997,77658.783
-113.022069,50.86459,82.96099779659848,4752.503,98058.0
-112.473783,50.832767,74.81166492346068,6139.463,137999.289
-112.348733,50.733183,71.95386186285654,6700.44,153365.48299999998
-111.979033,50.634279,65.82397175023864,7706.628,182030.18799999997
-110.599269,49.968057,39.86486653184047,12230.27,306541.70399999997
-110.339627,49.95558,35.817178000598254,12975.781,326161.59099999996
-110.343422,49.76996,29.80079489987937,14121.269,346996.81399999995
-110.250574,49.617726,22.71389452314894,15008.255000000001,366545.339
-110.292923,49.362385,21.120703707574048,16446.010000000002,397250.978
-110.215165,48.999114,17.474614100595588,18725.730000000003,440031.556
-110.214192,48.929882,16.43202949842707,19129.120000000003,447819.218
-110.118672,48.913083,14.961769043328623,19502.959000000003,456197.524
-109.671285,48.558308,7.651323664199425,22119.542,509492.426
-109.671935,48.553043,7.656323929760867,22192.309,510081.22099999996
-109.675034,48.553338,7.6665331510198005,22222.874,510311.92399999994
-109.713439,48.40773,3.2210599165572305,23219.208,527292.8319999999
-109.642163,48.177914,-5.394468263628118,24829.584,555855.193
-109.604001,48.090143,-5.105445923710996,26605.103,570444.745
-109.605881,48.071441,-4.939476580565434,26940.611,572582.959
-109.555817,48.05215,-5.986947211959256,27674.653000000002,577246.285
-109.517689,47.999983,-5.333592517675304,28740.422000000002,584166.387
-109.567087,47.97677,-5.158489438373154,29211.663,588747.901
-109.398048,47.93578,-7.228672923101827,30330.871,603660.7729999999
-109.355971,47.870885,-8.388328960430707,31018.314,612734.8409999999
-109.356072,47.854891,-8.394524075292972,31350.835,614545.9829999999
-109.41523,47.810668,-8.513502374493665,32656.601,621800.1279999999
-109.37209,47.746697,-7.34608681907201,34787.227999999996,633892.0569999999
-109.37248952367531,47.74849262011113,-7.345205974387647,34787.229999999996,633892.068
-114.087835,51.0276233,100.0,0.0,0.0
-114.087847,51.027586,100.0,0.0,0.0
-114.087917,51.027598,99.99452197815646,45.981,51.382
-114.087804,51.02585,99.99611536671229,73.437,247.163
-114.089689,51.025951,99.9383079345429,92.02,389.358
-114.090444,51.024131,99.89519559058022,134.524,687.2909999999999
-114.118535,51.024052,99.31412302362759,429.306,2656.033
-114.118104,51.00343,99.08299181438412,591.754,4954.454
-114.118138,51.001412,99.07907951645966,609.756,5179.2029999999995
-114.152917,51.008779,98.31769340447376,763.543,8019.3679999999995
-114.157532,51.008791,98.24698414494215,778.102,8342.721
-114.128774,50.900835,95.63409240927514,1334.2649999999999,22038.915
-114.067188,50.892482,95.28490602086787,1504.3339999999998,26715.227
-114.059248,50.891926,95.28630040638615,1528.0499999999997,27285.587
-113.83761,50.657112,89.14607562058443,2732.7259999999997,58700.534
-113.826896,50.400433,82.6493198027896,3711.852,87388.895
-113.65938,50.253877,78.45246062127673,4547.388,108227.43000000001
-113.52318,49.77962,68.2092022748867,6556.325,162456.473
-113.447434,49.716569,66.5131950875088,6883.789,171401.568
-113.387125,49.717974,65.86710493609552,7189.826999999999,177005.027
-113.263263,49.785126,63.19288335438161,7640.110999999999,189157.862
-113.076308,49.790414,60.20966329276027,8121.675999999999,202764.465
-112.784282,49.698206,55.680916594848796,9109.211999999998,227834.77899999998
-112.780374,49.698175,55.84662345975054,9128.814999999997,228119.49199999997
-112.779527,49.669975,55.38273471149432,9326.326999999997,231322.15799999997
-112.77922,49.668672,55.393781009498056,9358.878999999997,231470.31999999998
-112.271197,49.370405,43.695216781966536,11242.604999999998,282019.68299999996
-111.959939,49.003587,33.22196196676701,13083.372999999998,330600.06999999995
-111.863011,48.841157,29.86332207172857,13955.712999999998,350453.65599999996
-111.934981,48.176752,12.006453813021775,16488.945999999996,426266.01499999996
-111.762194,47.975011,4.868134875327382,17266.621999999996,452311.13599999994
-111.566915,47.596431,-7.977976661656456,18602.880999999994,498217.5069999999
-111.345494,47.484357,-13.596149996751581,19308.759999999995,521285.0789999999
-111.031253,47.450119,-17.821886366571036,20668.708999999995,546938.151
-110.897019,47.349233,-21.000527225053037,21288.864999999994,563049.132
-110.931868,47.202068,-25.871005218196682,22173.980999999992,580488.318
-110.82468,47.147146,-29.912056670039775,22780.603999999992,591380.316
-110.835843,47.096169,-29.39612139082287,23061.79799999999,597480.968
-110.800738,47.094248,-30.126202207838887,23335.00499999999,600267.114
-110.79713170788081,47.084731055857034,-30.126202207838887,23335.00499999999,600267.114
-114.087835,51.0276233,100.0,0.0,0.0
-114.087847,51.027586,100.0,0.0,0.0
-114.087917,51.027598,99.99452197815646,45.981,51.382
-114.087804,51.02585,99.99611536671229,73.437,247.163
-114.089689,51.025951,99.9383079345429,92.02,389.358
-114.090444,51.024131,99.89519559058022,134.524,687.2909999999999
-114.118535,51.024052,99.31412302362759,429.306,2656.033
-114.118104,51.00343,99.08299181438412,591.754,4954.454
-114.118138,51.001412,99.07907951645966,609.756,5179.2029999999995
-114.152917,51.008779,98.31769340447376,763.543,8019.3679999999995
-114.157532,51.008791,98.24698414494215,778.102,8342.721
-114.128774,50.900835,95.63409240927514,1334.2649999999999,22038.915
-114.067188,50.892482,95.28490602086787,1504.3339999999998,26715.227
-114.059248,50.891926,95.28630040638615,1528.0499999999997,27285.587
-113.83761,50.657112,89.14607562058443,2732.7259999999997,58700.534
-113.826896,50.400433,82.6493198027896,3711.852,87388.895
-113.65938,50.253877,78.45246062127673,4547.388,108227.43000000001
-113.52318,49.77962,68.2092022748867,6556.325,162456.473
-113.447434,49.716569,66.5131950875088,6883.789,171401.568
-113.387125,49.717974,65.86710493609552,7189.826999999999,177005.027
-113.263263,49.785126,63.19288335438161,7640.110999999999,189157.862
-113.076308,49.790414,60.20966329276027,8121.675999999999,202764.465
-112.778913,49.700404,55.725718826955784,9147.158,228294.76
-112.779527,49.669975,55.446145149120774,9367.282,231702.39800000002
-112.77922,49.668672,55.453855543122394,9399.723,231850.56000000003
-112.271197,49.370405,43.755721267212124,11283.449,282399.923
-111.959939,49.003587,33.28834305170145,13125.148000000001,330980.31
-111.863011,48.841157,29.931182446061452,13997.899000000001,350833.896
-111.934981,48.176752,12.079865240664098,16531.783000000003,426646.255
-111.762194,47.975011,4.941281379428773,17309.459000000003,452691.376
-111.566538,47.595991,-7.881151583167135,18647.297000000002,498654.317
-111.343166,47.505919,-12.801619400076646,19266.716000000004,519243.821
-111.512939,47.430998,-16.927171315847232,19796.340000000004,535875.313
-111.819812,47.159354,-28.386246601581682,20974.145000000004,575337.098
-111.94258,47.118694,-30.774755128591522,21395.108000000004,587595.98
-112.081316,47.004563,-35.65763388148937,21965.140000000003,605796.292
-112.123371,46.901666,-39.3885043049611,22468.302000000003,619642.39
-112.001006,46.818847,-43.10771154435703,22920.758,633478.93
-112.01023,46.6105,-49.401205802687656,23666.246000000003,658299.643
-112.009189,46.607148,-49.27795894535921,23689.539000000004,658681.238
-112.031921,46.598202,-49.80133808750492,23873.312000000005,660900.648
-112.37394,46.56196,-59.84001389866427,25147.481000000007,691812.459
-112.324004,46.633655,-61.60383604570113,25973.277000000006,701740.904
-112.325128,46.644208,-62.15829415767953,26205.897000000004,703060.063
-112.326439,46.644303,-62.220464435909534,26215.640000000003,703162.0349999999
-112.390699,46.662144,-62.54159515283806,27056.856000000003,709002.394
-112.400478,46.661413,-63.57262478084843,27174.191000000003,709788.042
-112.406097,46.669374,-63.61581449130417,27322.465000000004,710799.326
-112.39814999287786,46.671627961082194,-63.61581449130417,27322.465000000004,710799.326
-114.087835,51.0276233,100.0,0.0,0.0
-114.087847,51.027586,100.0,0.0,0.0
-114.087917,51.027598,99.99452197815646,45.981,51.382
-114.087804,51.02585,99.99611536671229,73.437,247.163
-114.089689,51.025951,99.9383079345429,92.02,389.358
-114.090444,51.024131,99.89519559058022,134.524,687.2909999999999
-114.118535,51.024052,99.31412302362759,429.306,2656.033
-114.118104,51.00343,99.08299181438412,591.754,4954.454
-114.118138,51.001412,99.07907951645966,609.756,5179.2029999999995
-114.152917,51.008779,98.31769340447376,763.543,8019.3679999999995
-114.157532,51.008791,98.24698414494215,778.102,8342.721
-114.128774,50.900835,95.63409240927514,1334.2649999999999,22038.915
-114.067188,50.892482,95.28490602086787,1504.3339999999998,26715.227
-114.059248,50.891926,95.28630040638615,1528.0499999999997,27285.587
-113.83761,50.657112,89.14607562058443,2732.7259999999997,58700.534
-113.826896,50.400433,82.6493198027896,3711.852,87388.895
-113.65938,50.253877,78.45246062127673,4547.388,108227.43000000001
-113.52318,49.77962,68.2092022748867,6556.325,162456.473
-113.447434,49.716569,66.5131950875088,6883.789,171401.568
-113.387125,49.717974,65.86710493609552,7189.826999999999,177005.027
-113.300659,49.476433,60.30743548906156,8399.5,205472.006
-113.30156,49.203508,53.30619027016653,9737.802,236369.89299999998
-113.285768,49.129379,51.15177579519095,10223.331,244908.01399999997
-113.378981,48.998064,47.40146595024313,11029.451000000001,261535.29899999997
-113.438615,48.901589,45.62556414800388,11685.925000000001,273421.512
-113.414537,48.702324,38.682731008413064,12807.881000000001,297196.877
-113.350566,48.688115,36.04935879048605,13008.565,302766.96599999996
-113.26347,48.540003,35.43038731459529,13967.693000000001,322804.30399999995
-113.024577,48.555862,34.82585768079859,14844.988000000001,341128.40599999996
-113.364948,48.302849,24.84322898662117,16448.853000000003,381190.44899999996
-113.543445,48.233405,24.657972700704235,17071.939000000002,397508.02999999997
-113.85637,48.489304,18.401013181199666,18628.496000000003,438375.34199999995
-113.972522,48.49836,17.340655388731765,19029.410000000003,448447.3279999999
-114.000608,48.463274,16.254131856364005,19248.381000000005,453615.7029999999
-114.009666,48.463692,16.374809612862123,19309.525000000005,454293.8119999999
-114.025525,48.455394,16.037455044059637,19461.744000000006,455924.3169999999
-114.116799,48.474841,15.425634303931545,20103.715000000007,464193.90699999995
-114.165673,48.459193,14.068013159184249,20349.048000000006,468665.52999999997
-114.181172,48.379479,13.446319251305185,20832.576000000005,478743.83599999995
-114.181538,48.370382,13.569025086169697,20932.968000000004,479764.312
-114.150023,48.363752,12.814904553921922,21049.044000000005,482335.48699999996
-114.164699,48.22576,10.15954655237115,21697.085000000006,498037.311
-114.039073,47.988101,4.792808202595807,23095.355000000007,529834.836
-114.015161,47.797959,1.0640515540730222,24063.79100000001,552067.332
-114.052881,47.689574,-1.371054788356877,24604.682000000008,564986.853
-114.125811,47.688813,-2.5840883925888303,24858.860000000008,570483.923
-114.096801,47.327878,-9.996149857530295,26528.674000000006,611900.681
-114.184907,47.280326,-11.409673006356732,26849.517000000007,620768.416
-114.040533,47.091759,-19.681201109599485,27815.379000000008,646296.754
-114.131354,46.950788,-21.530064549951927,28578.535000000007,664861.928
-114.038959,46.915234,-23.365708873289975,28931.927000000007,673876.507
-114.034607,46.912664,-23.239454754010474,28983.20200000001,674317.453
-114.03948,46.836592,-23.92534519970244,29628.83100000001,682936.172
-114.098878,46.807875,-24.918849250022785,29900.572000000007,688617.816
-114.070686,46.64549,-28.433153083010772,30733.458000000006,707547.541
-114.114308,46.52321,-31.14806170780799,31385.164000000004,722061.198
-114.092766,46.512588,-31.430699795211567,31492.008000000005,724159.814
-114.087067,46.512855,-31.464808593926833,31525.281000000006,724599.009
-114.087889,46.531439,-31.489836987553723,31673.339000000007,726672.4029999999
-114.087835,46.53143849757384,-33.11646986806713,32580.52400000001,739968.9739999999
-114.087835,51.0276233,100.0,0.0,0.0
-114.087847,51.027586,100.0,0.0,0.0
-114.087917,51.027598,99.99452197815646,45.981,51.382
-114.087804,51.02585,99.99611536671229,73.437,247.163
-114.089689,51.025951,99.9383079345429,92.02,389.358
-114.090444,51.024131,99.89519559058022,134.524,687.2909999999999
-114.118535,51.024052,99.31412302362759,429.306,2656.033
-114.118104,51.00343,99.08299181438412,591.754,4954.454
-114.118138,51.001412,99.07907951645966,609.756,5179.2029999999995
-114.152917,51.008779,98.31769340447376,763.543,8019.3679999999995
-114.157532,51.008791,98.24698414494215,778.102,8342.721
-114.125013,50.897201,95.53245475990947,1352.061,22523.364999999998
-114.301786,50.892532,92.53735209839346,1918.6639999999998,35825.629
-114.278884,50.673905,87.71355757580594,3176.3219999999997,63321.875
-114.232632,50.688388,87.69984091662336,3426.535,67319.188
-114.122893,49.966833,70.58167203138697,7063.846,150716.782
-114.196372,49.590655,65.0520117610373,8868.742,195013.372
-114.344354,49.55605,61.68573949402264,9327.275,206942.403
-114.880849,49.732552,54.28364336469308,11518.021999999999,256443.57499999998
-115.080821,49.496956,50.31028083651418,12873.069,288164.479
-115.017812,49.331964,46.79538138681232,13684.184,308077.85
-115.136873,49.290296,45.62498100370629,14152.831,318908.893
-115.678782,49.574812,34.684654852708036,16177.558,372835.31899999996
-115.875404,49.441129,30.642027907566224,17266.967,394094.926
-115.841788,49.26299,26.669995673240436,18192.511000000002,417222.54699999996
-116.180844,49.002914,19.875327900229774,20071.396,462110.871
-116.346238,48.921657,15.892563519154853,21031.25,483624.0
-116.309564,48.696221,13.847935458260354,22193.51,511655.641
-116.54366,48.382949,5.443063115921527,23887.129999999997,552003.071
-116.791894,47.688403,-9.022678813513007,27567.713999999996,635389.071
-117.001465,47.476525,-16.008855301357258,28786.101999999995,665871.239
-116.877153,47.390869,-19.26641260818303,29430.437999999995,681443.7819999999
-116.947355,47.192285,-23.183771823407906,30433.277999999995,705280.2349999999
-116.823992,47.082083,-26.51168501028477,31096.075999999994,721609.4659999999
-117.021584,46.857705,-32.89918823594473,32296.356999999993,753391.163
-117.001564,46.736488,-35.16742488285177,32913.95599999999,768223.8099999999
-117.000693,46.726501,-35.1465395031216,33040.23599999999,769427.5549999999
-116.992215,46.434384,-39.12943011743868,34962.18499999999,816478.801
-116.859497,46.448557,-40.95967973559915,35482.28299999999,828618.313
-116.632408,46.525644,-45.18472581805046,36372.10199999999,850504.3659999999
-116.254071,46.473102,-51.4708951027701,37790.50299999999,883626.874
-116.179045,46.391888,-53.876142358796336,38257.35199999999,895189.8339999999
-116.168494,46.38957,-56.15422019750853,38561.47299999999,899256.1219999999
-115.938333,46.375852,-63.58672906608837,39962.18899999999,923868.9129999998
-115.798726,46.478496,-66.25365628290855,40922.71899999999,941184.9419999998
-115.810981,46.630262,-69.21238241702949,42325.82199999999,963293.3459999998
-115.81435,46.631538,-69.2656833573354,42354.51499999999,963587.5099999998
-115.813312,46.641507,-70.00426175029436,42518.401999999995,965174.4939999998
-115.780773,46.674758,-72.80111938759066,43100.76299999999,970830.3759999998
-115.77752000712213,46.671627961082194,-72.80111938759066,43100.76299999999,970830.3759999998
-114.087835,51.0276233,100.0,0.0,0.0
-114.087847,51.027586,100.0,0.0,0.0
-114.087917,51.027598,99.99452197815646,45.981,51.382
-114.087804,51.02585,99.99611536671229,73.437,247.163
-114.089689,51.025951,99.9383079345429,92.02,389.358
-114.090444,51.024131,99.89519559058022,134.524,687.2909999999999
-114.118535,51.024052,99.31412302362759,429.306,2656.033
-114.118104,51.00343,99.08299181438412,591.754,4954.454
-114.118138,51.001412,99.07907951645966,609.756,5179.2029999999995
-114.152917,51.008779,98.31599456762845,763.212,8019.3679999999995
-114.157532,51.008791,98.24617306598604,777.771,8342.721
-114.125013,50.897201,95.53164368095337,1351.73,22523.364999999998
-114.301786,50.892532,92.53253554825959,1917.558,35825.629
-114.327992,50.744236,89.56838460636907,2673.056,53035.061
-114.278884,50.673905,87.72195417419506,3175.415,63321.872
-114.232632,50.688388,87.6855644239037,3425.628,67319.185
-114.25386,50.459244,82.499474666474,4640.015,93596.171
-114.122893,49.966833,70.53031192313021,7064.0070000000005,150716.776
-114.196372,49.590655,65.01671835116693,8868.903,195013.366
-114.344354,49.55605,61.650446084152264,9327.436,206942.397
-114.493393,49.63631,58.61774052996224,10043.66,221502.705
-114.687516,49.628787,56.003539798269074,10714.446,236316.69799999997
-114.880849,49.732552,54.117350433451605,11524.898,256443.56699999998
-114.918022,49.637835,52.72510898695525,11972.205,267863.15599999996
-115.080821,49.496956,50.08065001610288,12856.039,288164.46799999994
-115.017812,49.331964,46.54406088705566,13665.277,308077.8389999999
-115.136873,49.290296,45.372229832687566,14133.382,318908.8819999999
-115.224878,49.371166,43.18539939186329,14560.545,330333.6109999999
-115.371213,49.401614,41.38837452686368,15043.847,342435.0129999999
-115.678782,49.574812,34.547480771997115,16180.563,372835.3059999999
-115.875404,49.441129,30.52114154319397,17275.262,394094.91299999994
-115.820626,49.355199,27.771970753187198,17758.894,406411.90599999996
-115.841788,49.26299,26.553673984963446,18200.792,417222.534
-115.996786,49.203227,24.070298871901876,18752.447,431218.017
-116.180844,49.002914,19.695480791220632,20070.139,462110.857
-116.179972,48.947532,19.06594876680714,20455.036,468713.081
-116.346301,48.921536,15.486048432609715,21047.778,483638.223
-116.30949,48.696384,13.537123699033184,22212.873,511636.69
-116.542755,48.384693,5.1353374382969985,23899.074,551797.702
-116.540257,48.232142,2.4208273195802508,24695.504,569092.6510000001
-116.787233,47.821795,-8.766597378851358,26624.827,620518.9170000001
-116.788447,47.818786,-8.595648031380732,26655.23,620873.4580000001
-116.880324,47.816883,-9.268838249166365,27080.393,627787.9390000001
-116.883732,47.820083,-9.283536019724798,27135.004,628226.6310000002
-117.154956,47.700498,-12.964279165345957,28324.45,652858.4650000002
-117.239663,47.689743,-13.57064276307105,28676.479,659434.7390000002
-117.239694,47.675764,-13.531993312759889,28859.386,660993.0930000002
-117.240168,47.675471,-13.520225335402994,28878.055,661044.8260000002
-117.447965,47.648231,-16.74165007408067,29552.243,677599.2150000002
-117.36066,47.288874,-26.553036781308485,31279.614999999998,721055.4850000002
-117.381401,47.085068,-31.399973509371105,32190.118,744719.6730000002
-117.37853829211919,47.084731055857034,-31.399973509371105,32190.118,744719.6820000001
-114.087835,51.0276233,100.0,0.0,0.0
-114.087847,51.027586,100.0,0.0,0.0
-114.087917,51.027598,99.99452197815646,45.981,51.382
-114.087804,51.02585,99.99611536671229,73.437,247.163
-114.089689,51.025951,99.9383079345429,92.02,389.358
-114.090444,51.024131,99.89519559058022,134.524,687.2909999999999
-114.118535,51.024052,99.31412302362759,429.306,2656.033
-114.118104,51.00343,99.08299181438412,591.754,4954.454
-114.118138,51.001412,99.07907951645966,609.756,5179.2029999999995
-114.152917,51.008779,98.31599456762845,763.212,8019.3679999999995
-114.157532,51.008791,98.24617306598604,777.771,8342.721
-114.125013,50.897201,95.53164368095337,1351.73,22523.364999999998
-114.301786,50.892532,92.53253554825959,1917.558,35825.629
-114.327992,50.744236,89.56838460636907,2673.056,53035.061
-114.278884,50.673905,87.72195417419506,3175.415,63321.872
-114.232632,50.688388,87.6855644239037,3425.628,67319.185
-114.25386,50.459244,82.499474666474,4640.015,93596.171
-114.122893,49.966833,70.53031192313021,7064.0070000000005,150716.776
-114.196372,49.590655,65.01671835116693,8868.903,195013.366
-114.344354,49.55605,61.650446084152264,9327.436,206942.397
-114.493393,49.63631,58.61774052996224,10043.66,221502.705
-114.687516,49.628787,56.003539798269074,10714.446,236316.69799999997
-114.880849,49.732552,54.117350433451605,11524.898,256443.56699999998
-114.918022,49.637835,52.72510898695525,11972.205,267863.15599999996
-115.080821,49.496956,50.08065001610288,12856.039,288164.46799999994
-115.017812,49.331964,46.54406088705566,13665.277,308077.8389999999
-115.136873,49.290296,45.372229832687566,14133.382,318908.8819999999
-115.224878,49.371166,43.18539939186329,14560.545,330333.6109999999
-115.371213,49.401614,41.38837452686368,15043.847,342435.0129999999
-115.678782,49.574812,34.547480771997115,16180.563,372835.3059999999
-115.875404,49.441129,30.52114154319397,17275.262,394094.91299999994
-115.820626,49.355199,27.771970753187198,17758.894,406411.90599999996
-115.841788,49.26299,26.553673984963446,18200.792,417222.534
-115.996786,49.203227,24.070298871901876,18752.447,431218.017
-116.180844,49.002914,19.695480791220632,20070.139,462110.857
-116.179972,48.947532,19.06594876680714,20455.036,468713.081
-116.346301,48.921536,15.486048432609715,21047.778,483638.223
-116.30949,48.696384,13.537123699033184,22212.873,511636.69
-116.542755,48.384693,5.1353374382969985,23899.074,551797.702
-116.540257,48.232142,2.4208273195802508,24695.504,569092.6510000001
-116.787233,47.821795,-8.766597378851358,26624.827,620518.9170000001
-116.788447,47.818786,-8.595648031380732,26655.23,620873.4580000001
-116.880324,47.816883,-9.268838249166365,27080.393,627787.9390000001
-116.883732,47.820083,-9.283536019724798,27135.004,628226.6310000002
-117.154956,47.700498,-12.964279165345957,28324.45,652858.4650000002
-117.239663,47.689743,-13.57064276307105,28676.479,659434.7390000002
-117.239694,47.675764,-13.531993312759889,28859.386,660993.0930000002
-117.240168,47.675471,-13.520225335402994,28878.055,661044.8260000002
-117.470836,47.638193,-18.145841001565387,29636.436,679646.5860000002
-117.550034,47.643184,-19.465075218258626,29980.444000000003,685971.7630000003
-117.60349,47.642917,-20.037825460428913,30316.006000000005,689990.5330000003
-117.609603,47.643069,-20.089670259389568,30349.505000000005,690455.7240000003
-117.867928,47.669567,-23.85013427872246,31276.036000000004,710538.3820000003
-118.308127,47.643058,-29.439208753025447,32694.188000000002,743979.8510000004
-118.505495,47.758429,-33.640217315422206,33476.763,764023.7690000003
-118.808047,47.751396,-36.96329200321784,34407.837999999996,787183.5070000003
-118.807979,47.748433,-36.84818084216447,34463.723,787513.3890000003
-118.80318047632468,47.74849262011113,-37.398586584660755,35057.901,792271.6930000003
-114.087835,51.0276233,100.0,0.0,0.0
-114.087847,51.027586,100.0,0.0,0.0
-114.087917,51.027598,99.99452197815646,45.981,51.382
-114.087804,51.02585,99.99611536671229,73.437,247.163
-114.089689,51.025951,99.9383079345429,92.02,389.358
-114.090444,51.024131,99.89519559058022,134.524,687.2909999999999
-114.118535,51.024052,99.31412302362759,429.306,2656.033
-114.118104,51.00343,99.08299181438412,591.754,4954.454
-114.118138,51.001412,99.07907951645966,609.756,5179.2029999999995
-114.152917,51.008779,98.31599456762845,763.212,8019.3679999999995
-114.23089,51.025668,96.91705378648673,994.885,13967.867999999999
-114.225915,51.07701,94.80158034217551,1213.477,19789.451999999997
-114.226959,51.080518,95.13584824085301,1229.3220000000001,20189.443
-114.246217,51.088877,95.22184256176223,1330.4060000000002,22404.713
-114.575348,51.091195,88.361952214349,2131.2790000000005,45649.051
-114.764533,51.162279,84.2592934190094,2647.5310000000004,61189.543
-115.268971,51.038646,75.25865034964833,4011.1940000000004,101484.555
-115.40487,51.1329,71.90376485110481,4534.084000000001,116046.598
-115.53226,51.209175,68.90855991139715,5054.423000000001,128844.218
-115.718638,51.162189,65.40321137163365,5584.397000000001,143826.05
-116.267281,51.458305,52.407953258041665,7550.211000000001,196549.56999999998
-116.494062,51.397288,52.96741623464384,8312.595000000001,214411.058
-116.574744,51.322855,51.567549608613405,8727.655,224810.41199999998
-116.5816,51.216958,49.779230013433434,9229.957,237848.96899999998
-116.963111,51.300842,46.788617417584916,10419.588,268091.537
-117.165183,51.486211,42.614013226495445,11511.475999999999,293829.115
-117.442782,51.511477,34.94848899236013,12474.346,318338.74199999997
-117.446291,51.369771,33.68028432011887,13209.722,335987.381
-117.504695,51.269121,28.245613815584353,13948.289,351194.085
-117.880249,51.137102,27.562300059940313,15242.69,383389.29000000004
-117.936905,51.052865,25.80559773415984,15670.915,394048.193
-118.141901,50.992025,23.504126907105476,16318.646,410334.15800000005
-118.222545,51.004751,23.681408809975494,16650.044,417035.82800000004
-118.473531,50.927681,19.06052503495319,17462.940000000002,437602.49600000004
-118.524783,50.976228,17.987522869761218,17753.147,444793.56100000005
-118.678073,51.001833,16.428194079435336,18242.345,457147.438
-118.974762,50.837935,10.837060470400598,19381.529000000002,486862.071
-118.976423,50.838042,10.963921341073094,19403.852000000003,486979.662
-118.977661,50.837369,10.926743407034706,19420.625000000004,487102.739
-119.042323,50.69077,7.319806618778218,20296.410000000003,505921.831
-119.151125,50.60793,5.187822675743554,20908.846000000005,519198.692
-119.138097,50.472903,2.843041593647425,21617.851000000006,534495.744
-119.398741,50.1101,-7.3103228526242185,23685.144000000008,582445.9709999999
-119.387891,49.918104,-9.663481608374122,24732.910000000007,604804.1349999999
-119.660897,49.809719,-13.794648808243934,26515.973000000005,631310.9379999998
-119.767757,49.733587,-14.852694036977834,27081.727000000006,643854.1359999998
-119.603935,49.493378,-19.770839577296385,28530.482000000007,675736.0749999998
-119.596949,49.452922,-20.30934680744378,28811.733000000007,680569.8669999999
-119.572189,49.34489,-22.938445990591973,29476.41700000001,695320.8829999998
-119.518931,49.276455,-24.139347320520365,29896.24700000001,704204.4019999998
-119.582421,49.126698,-26.94202459280456,30806.737000000012,723269.9349999998
-119.463765,48.999937,-29.568142826893496,31686.799000000014,740839.8779999998
-119.400032,48.789599,-33.42119831047841,32834.45700000002,765646.4419999998
-119.543751,48.563061,-39.448941404767076,33963.362000000016,793729.6709999999
-119.477969,48.445021,-42.23666613232769,34506.12000000002,808138.3799999999
-119.591089,48.349521,-44.09573875530284,35088.337000000014,821892.6389999999
-119.595036,48.356007,-43.85058350211761,35151.15400000002,822672.2909999999
-119.662582,48.319258,-46.447901964990606,35497.42900000002,830152.1159999998
-119.864769,48.396938,-57.734975146649475,36391.17300000002,849855.4889999998
-120.078201,48.346448,-54.94228787306838,37333.60900000002,868839.4949999999
-120.177384,48.474134,-58.049087828865424,38213.12600000002,886105.7569999999
-120.185453,48.477832,-58.08354897054943,38296.87500000002,886836.6929999999
-120.190074,48.47758,-58.098888845598154,38340.20000000002,887210.9239999999
-120.179157,48.565058,-60.443737940048074,38982.31700000002,898082.8299999998
-120.178783,48.565115,-60.38178055767835,38987.47500000002,898111.5439999999
-120.176717,48.56341,-60.51645836257525,39010.19900000002,898357.4609999999
-120.073684,48.61408,-66.40863873931566,40047.54100000002,910025.0949999999
-119.98098,48.634964,-72.45208205806627,41650.48300000002,918930.1059999999
-119.977527,48.627966,-73.15057245020351,41822.74200000002,919884.4479999999
-119.96608176522383,48.626300357898415,-73.15057245020351,41822.74200000002,919884.4479999999
-114.087835,51.0276233,100.0,0.0,0.0
-114.087847,51.027586,100.0,0.0,0.0
-114.087917,51.027598,99.99452197815646,45.981,51.382
-114.087804,51.02585,99.99611536671229,73.437,247.163
-114.089689,51.025951,99.9383079345429,92.02,389.358
-114.090444,51.024131,99.89519559058022,134.524,687.2909999999999
-114.118535,51.024052,99.31412302362759,429.306,2656.033
-114.118104,51.00343,99.08299181438412,591.754,4954.454
-114.118138,51.001412,99.07907951645966,609.756,5179.2029999999995
-114.152917,51.008779,98.31599456762845,763.212,8019.3679999999995
-114.23089,51.025668,96.91705378648673,994.885,13967.867999999999
-114.225915,51.07701,94.80158034217551,1213.477,19789.451999999997
-114.226959,51.080518,95.13584824085301,1229.3220000000001,20189.443
-114.246217,51.088877,95.22184256176223,1330.4060000000002,22404.713
-114.575348,51.091195,88.361952214349,2131.2790000000005,45649.051
-114.764533,51.162279,84.2592934190094,2647.5310000000004,61189.543
-115.268971,51.038646,75.25865034964833,4011.1940000000004,101484.555
-115.40487,51.1329,71.90376485110481,4534.084000000001,116046.598
-115.53226,51.209175,68.90855991139715,5054.423000000001,128844.218
-115.718638,51.162189,65.40321137163365,5584.397000000001,143826.05
-116.267281,51.458305,52.407953258041665,7550.211000000001,196549.56999999998
-116.494062,51.397288,52.96741623464384,8312.595000000001,214411.058
-116.574744,51.322855,51.567549608613405,8727.655,224810.41199999998
-116.5816,51.216958,49.779230013433434,9229.957,237848.96899999998
-116.963111,51.300842,46.788617417584916,10419.588,268091.537
-117.165183,51.486211,42.614013226495445,11511.475999999999,293829.115
-117.442782,51.511477,34.94848899236013,12474.346,318338.74199999997
-117.446291,51.369771,33.68028432011887,13209.722,335987.381
-117.504695,51.269121,28.245613815584353,13948.289,351194.085
-117.880249,51.137102,27.562300059940313,15242.69,383389.29000000004
-117.936905,51.052865,25.80559773415984,15670.915,394048.193
-118.141901,50.992025,23.504126907105476,16318.646,410334.15800000005
-118.222545,51.004751,23.681408809975494,16650.044,417035.82800000004
-118.473531,50.927681,19.06052503495319,17462.940000000002,437602.49600000004
-118.524783,50.976228,17.987522869761218,17753.147,444793.56100000005
-118.679849,51.001379,16.31000566784486,18247.406000000003,457281.726
-118.833343,50.890973,13.059338595548109,18861.948000000004,474067.05000000005
-119.165198,50.784484,7.793525313007285,20120.870000000003,503312.259
-119.231501,50.709042,5.201068555713924,20541.663000000004,513722.04000000004
-119.310015,50.692755,5.477826841522816,20932.121000000003,519862.67000000004
-119.329991,50.843576,1.4082321028932334,21801.358000000004,539180.9450000001
-119.519692,50.892727,-1.0039849235702225,22434.805000000004,554756.748
-119.90669,50.64539,-9.076235422003231,24003.585000000003,595559.6190000001
-120.457263,50.665241,-20.59247641852422,25632.724000000002,636725.947
-120.450327,50.553309,-28.90306389692237,26143.076,651031.9110000001
-120.619123,50.420464,-35.928094988296074,26792.881,671522.2860000001
-120.629633,50.232727,-37.36184472780929,27508.141,692925.1900000001
-120.748939,50.090593,-37.83731560798141,28182.122,712686.5020000001
-120.751322,50.089837,-37.66038888047868,28213.556,713131.648
-120.677694,50.09773,-42.1292723707639,28469.578,718790.0140000001
-120.617302,49.952833,-46.436936782956124,29150.543,736667.045
-120.629418,49.881552,-47.22643052387225,29532.024,745069.3990000001
-120.653654,49.82588,-48.47594355395673,30008.128,751786.8550000001
-120.771749,49.771748,-48.07595317262473,31618.093,766199.3640000001
-120.762939,49.708742,-48.34686423944471,32726.804,773898.5390000001
-120.779141,49.667124,-48.8460130812771,33162.472,778739.0130000002
-120.78657925700006,49.66795665521362,-51.42509427933439,34928.216,798091.8980000002
-114.087835,51.0276233,100.0,0.0,0.0
-114.087847,51.027586,100.0,0.0,0.0
-114.087917,51.027598,99.99452197815646,45.981,51.382
-114.087804,51.02585,99.99611536671229,73.437,247.163
-114.089689,51.025951,99.9383079345429,92.02,389.358
-114.090444,51.024131,99.89519559058022,134.524,687.2909999999999
-114.118535,51.024052,99.31412302362759,429.306,2656.033
-114.118104,51.00343,99.08299181438412,591.754,4954.454
-114.118138,51.001412,99.07907951645966,609.756,5179.2029999999995
-114.152917,51.008779,98.31599456762845,763.212,8019.3679999999995
-114.23089,51.025668,96.91705378648673,994.885,13967.867999999999
-114.225915,51.07701,94.80158034217551,1213.477,19789.451999999997
-114.226959,51.080518,95.13584824085301,1229.3220000000001,20189.443
-114.246217,51.088877,95.22184256176223,1330.4060000000002,22404.713
-114.575348,51.091195,88.361952214349,2131.2790000000005,45649.051
-114.764533,51.162279,84.2592934190094,2647.5310000000004,61189.543
-115.268971,51.038646,75.25865034964833,4011.1940000000004,101484.555
-115.40487,51.1329,71.90376485110481,4534.084000000001,116046.598
-115.53226,51.209175,68.90855991139715,5054.423000000001,128844.218
-115.718638,51.162189,65.40321137163365,5584.397000000001,143826.05
-116.267281,51.458305,52.407953258041665,7550.211000000001,196549.56999999998
-116.494062,51.397288,52.96741623464384,8312.595000000001,214411.058
-116.574744,51.322855,51.567549608613405,8727.655,224810.41199999998
-116.5816,51.216958,49.779230013433434,9229.957,237848.96899999998
-116.963111,51.300842,46.788617417584916,10419.588,268091.537
-117.165183,51.486211,42.614013226495445,11511.475999999999,293829.115
-117.442782,51.511477,34.94848899236013,12474.346,318338.74199999997
-117.446291,51.369771,33.68028432011887,13209.722,335987.381
-117.504695,51.269121,28.245613815584353,13948.289,351194.085
-117.880249,51.137102,27.562300059940313,15242.69,383389.29000000004
-117.936905,51.052865,25.80559773415984,15670.915,394048.193
-118.141901,50.992025,23.504126907105476,16318.646,410334.15800000005
-118.222545,51.004751,23.681408809975494,16650.044,417035.82800000004
-118.473531,50.927681,19.06052503495319,17462.940000000002,437602.49600000004
-118.524783,50.976228,17.987522869761218,17753.147,444793.56100000005
-118.679849,51.001379,16.31000566784486,18247.406000000003,457281.726
-118.833343,50.890973,13.059338595548109,18861.948000000004,474067.05000000005
-119.165198,50.784484,7.793525313007285,20120.870000000003,503312.259
-119.231501,50.709042,5.201068555713924,20541.663000000004,513722.04000000004
-119.310015,50.692755,5.477826841522816,20932.121000000003,519862.67000000004
-119.329991,50.843576,1.4082321028932334,21801.358000000004,539180.9450000001
-119.519692,50.892727,-1.0039849235702225,22434.805000000004,554756.748
-119.90669,50.64539,-9.076235422003231,24003.585000000003,595559.6190000001
-120.44963,50.666741,-20.771575259008657,25612.818000000003,636157.209
-120.554598,50.663145,-21.094422882297806,25920.840000000004,644168.1780000001
-120.75306,50.766495,-23.89010637676918,26661.009000000005,663396.3130000001
-121.175489,50.790343,-29.871486766520437,27997.084000000006,697056.778
-121.19274377699831,50.810915257817285,-29.871486766520437,27997.084000000006,697056.778
-114.087835,51.0276233,100.0,0.0,0.0
-114.087847,51.027586,100.0,0.0,0.0
-114.087917,51.027598,99.99452197815646,45.981,51.382
-114.087804,51.02585,99.99611536671229,73.437,247.163
-114.089689,51.025951,99.9383079345429,92.02,389.358
-114.090444,51.024131,99.89519559058022,134.524,687.2909999999999
-114.118535,51.024052,99.31412302362759,429.306,2656.033
-114.118104,51.00343,99.08299181438412,591.754,4954.454
-114.118138,51.001412,99.07907951645966,609.756,5179.2029999999995
-114.152917,51.008779,98.31599456762845,763.212,8019.3679999999995
-114.23089,51.025668,96.91705378648673,994.885,13967.867999999999
-114.225915,51.07701,94.80158034217551,1213.477,19789.451999999997
-114.226959,51.080518,95.13584824085301,1229.3220000000001,20189.443
-114.246217,51.088877,95.22184256176223,1330.4060000000002,22404.713
-114.575348,51.091195,88.361952214349,2131.2790000000005,45649.051
-114.764533,51.162279,84.2592934190094,2647.5310000000004,61189.543
-115.268971,51.038646,75.25865034964833,4011.1940000000004,101484.555
-115.40487,51.1329,71.90376485110481,4534.084000000001,116046.598
-115.53226,51.209175,68.90855991139715,5054.423000000001,128844.218
-115.718638,51.162189,65.40321137163365,5584.397000000001,143826.05
-116.267281,51.458305,52.407953258041665,7550.211000000001,196549.56999999998
-116.494062,51.397288,52.96741623464384,8312.595000000001,214411.058
-116.574744,51.322855,51.567549608613405,8727.655,224810.41199999998
-116.5816,51.216958,49.779230013433434,9229.957,237848.96899999998
-116.963111,51.300842,46.788617417584916,10419.588,268091.537
-117.165183,51.486211,42.614013226495445,11511.475999999999,293829.115
-117.442782,51.511477,34.94848899236013,12474.346,318338.74199999997
-117.446291,51.369771,33.68028432011887,13209.722,335987.381
-117.504695,51.269121,28.245613815584353,13948.289,351194.085
-117.880249,51.137102,27.562300059940313,15242.69,383389.29000000004
-117.936905,51.052865,25.80559773415984,15670.915,394048.193
-118.141901,50.992025,23.504126907105476,16318.646,410334.15800000005
-118.222545,51.004751,23.681408809975494,16650.044,417035.82800000004
-118.473531,50.927681,19.06052503495319,17462.940000000002,437602.49600000004
-118.524783,50.976228,17.987522869761218,17753.147,444793.56100000005
-118.679849,51.001379,16.31000566784486,18247.406000000003,457281.726
-118.833343,50.890973,13.059338595548109,18861.948000000004,474067.05000000005
-119.165198,50.784484,7.793525313007285,20120.870000000003,503312.259
-119.231501,50.709042,5.201068555713924,20541.663000000004,513722.04000000004
-119.310015,50.692755,5.477826841522816,20932.121000000003,519862.67000000004
-119.329991,50.843576,1.4082321028932334,21801.358000000004,539180.9450000001
-119.519692,50.892727,-1.0039849235702225,22434.805000000004,554756.748
-119.90669,50.64539,-9.076235422003231,24003.585000000003,595559.6190000001
-120.44963,50.666741,-20.771575259008657,25612.818000000003,636157.209
-120.554598,50.663145,-21.094422882297806,25920.840000000004,644168.1780000001
-120.75306,50.766495,-23.89010637676918,26661.009000000005,663396.3130000001
-121.322448,50.810703,-31.934422760286985,28424.009000000005,708178.0040000001
-121.323482,50.811338,-31.75068116318972,28434.946000000007,708279.7060000001
-121.325302,50.811196,-31.708391947537443,28468.43600000001,708410.4840000002
-121.591604,51.088141,-44.074323571124225,30004.856000000007,747485.4330000002
-121.498781,51.136544,-46.65093860266156,30402.84500000001,756150.9750000002
-121.535468,51.206312,-49.4657513903645,30722.142000000007,764668.9530000002
-121.397577,51.299653,-52.394429376760705,31250.68400000001,779017.6160000002
-121.289394,51.66401,-59.46001449898882,32990.99100000001,823003.7140000002
-121.239233,51.656087,-59.42269061815113,33194.56500000001,827059.2090000001
-121.082834,51.780078,-61.74858735379568,34269.35500000001,845884.7710000002
-121.149641,51.823398,-62.75054702544425,35555.068000000014,853470.5200000001
-121.156248,51.942682,-63.98577072196137,38051.205000000016,868472.1280000001
-121.154168,51.978231,-64.92526775087423,38939.92700000002,873409.3900000001
-121.1278638835618,51.98224072194079,-64.92526775087423,38939.92700000002,873409.3900000001
-114.087835,51.0276233,100.0,0.0,0.0
-114.087847,51.027586,100.0,0.0,0.0
-114.087917,51.027598,99.99452197815646,45.981,51.382
-114.087804,51.02585,99.99611536671229,73.437,247.163
-114.089689,51.025951,99.9383079345429,92.02,389.358
-114.090444,51.024131,99.89519559058022,134.524,687.2909999999999
-114.118535,51.024052,99.31412302362759,429.306,2656.033
-114.118104,51.00343,99.08299181438412,591.754,4954.454
-114.118138,51.001412,99.07907951645966,609.756,5179.2029999999995
-114.152917,51.008779,98.31599456762845,763.212,8019.3679999999995
-114.23089,51.025668,96.91705378648673,994.885,13967.867999999999
-114.225915,51.07701,94.80158034217551,1213.477,19789.451999999997
-114.226959,51.080518,95.13584824085301,1229.3220000000001,20189.443
-114.246217,51.088877,95.22184256176223,1330.4060000000002,22404.713
-114.575348,51.091195,88.361952214349,2131.2790000000005,45649.051
-114.764533,51.162279,84.2592934190094,2647.5310000000004,61189.543
-115.268971,51.038646,75.25865034964833,4011.1940000000004,101484.555
-115.40487,51.1329,71.90376485110481,4534.084000000001,116046.598
-115.53226,51.209175,68.90855991139715,5054.423000000001,128844.218
-115.718638,51.162189,65.40321137163365,5584.397000000001,143826.05
-115.996796,51.288795,59.706958552735,6465.282000000001,168405.76499999998
-116.1964,51.439105,54.356615807444236,7323.548000000001,190751.45799999998
-116.205478,51.444098,54.19705117992857,7378.724000000001,191630.08599999998
-116.317312,51.619696,47.22752449401529,8297.705000000002,213550.50799999997
-116.465311,51.684584,43.90650882234389,8885.772,226951.70499999996
-116.720694,51.914468,41.55806827880255,10244.931,258815.09599999996
-116.715292,51.968137,42.36813642401976,10494.142,265045.20699999994
-116.805291,51.988152,40.75426991240899,10811.262999999999,271797.34599999996
-117.05745,52.18044,32.013578413846346,12235.587,303136.20499999996
-117.237866,52.221466,28.634692705503262,12954.280999999999,317595.14199999993
-117.411479,52.43433,27.750897835165393,14361.321999999998,345234.38999999996
-117.839164,52.610159,24.89250365046417,15842.311999999998,381183.17499999993
-117.87318,52.716483,22.666479274204136,16462.796,394209.17799999996
-117.958583,52.740592,22.620752259466773,16735.715,400842.80199999997
-118.093364,52.866511,20.249673568270268,17523.099000000002,418576.49899999995
-118.476646,52.888171,14.811631576929397,18677.048000000003,445279.26699999993
-118.617664,52.853933,12.240521451079243,19088.577,456394.5899999999
-119.196401,53.03329,5.8202439663300485,20754.208000000002,501225.16399999993
-119.422631,52.975904,3.3716378825382636,21521.766000000003,519764.43499999994
-120.226343,53.322766,-9.46018118357605,24200.855000000003,588245.3799999999
-120.227624,53.321378,-9.400796911172922,24236.474000000002,588423.4759999999
-120.247039,53.313152,-10.021428191968104,24402.566000000003,590071.3759999999
-120.288404,53.265504,-11.549335256441399,25702.884000000002,596426.8749999999
-120.55986275854178,53.101708434793544,-11.549335256441399,25702.884000000002,596426.8749999999
-114.087835,51.0276233,100.0,0.0,0.0
-114.087847,51.027586,100.0,0.0,0.0
-114.087917,51.027598,99.99452197815646,45.981,51.382
-114.087804,51.02585,99.99611536671229,73.437,247.163
-114.089689,51.025951,99.9383079345429,92.02,389.358
-114.090444,51.024131,99.89519559058022,134.524,687.2909999999999
-114.118535,51.024052,99.31412302362759,429.306,2656.033
-114.118104,51.00343,99.08299181438412,591.754,4954.454
-114.118138,51.001412,99.07907951645966,609.756,5179.2029999999995
-114.152917,51.008779,98.31599456762845,763.212,8019.3679999999995
-114.23089,51.025668,96.91705378648673,994.885,13967.867999999999
-114.225915,51.07701,94.80158034217551,1213.477,19789.451999999997
-114.226959,51.080518,95.13584824085301,1229.3220000000001,20189.443
-114.246217,51.088877,95.22184256176223,1330.4060000000002,22404.713
-114.575348,51.091195,88.361952214349,2131.2790000000005,45649.051
-114.764533,51.162279,84.2592934190094,2647.5310000000004,61189.543
-115.268971,51.038646,75.25865034964833,4011.1940000000004,101484.555
-115.40487,51.1329,71.90376485110481,4534.084000000001,116046.598
-115.53226,51.209175,68.90855991139715,5054.423000000001,128844.218
-115.718638,51.162189,65.40321137163365,5584.397000000001,143826.05
-115.996796,51.288795,59.706958552735,6465.282000000001,168405.76499999998
-116.1964,51.439105,54.356615807444236,7323.548000000001,190751.45799999998
-116.205478,51.444098,54.19705117992857,7378.724000000001,191630.08599999998
-116.317312,51.619696,47.22752449401529,8297.705000000002,213550.50799999997
-116.465311,51.684584,43.90650882234389,8885.772,226951.70499999996
-116.720694,51.914468,41.55806827880255,10244.931,258815.09599999996
-116.715292,51.968137,42.36813642401976,10494.142,265045.20699999994
-116.805291,51.988152,40.75426991240899,10811.262999999999,271797.34599999996
-117.05745,52.18044,32.013578413846346,12235.587,303136.20499999996
-117.237866,52.221466,28.634692705503262,12954.280999999999,317595.14199999993
-117.411479,52.43433,27.750897835165393,14361.321999999998,345234.38999999996
-117.839164,52.610159,24.89250365046417,15842.311999999998,381183.17499999993
-117.87318,52.716483,22.666479274204136,16462.796,394209.17799999996
-117.958583,52.740592,22.620752259466773,16735.715,400842.80199999997
-118.079373,52.858336,20.4891996193229,17450.433,417235.556
-118.075635,52.869306,20.33324833707489,17585.324,418923.908
-118.037178,52.930447,19.235865017348175,17946.472,426530.077
-118.093635,53.038288,16.89713925372719,18453.666,439317.577
-117.988045,53.108898,14.817914082872544,18889.773,450153.698
-117.96264,53.188525,13.316684390951796,19285.144,459506.627
-117.788468,53.240231,9.052449237650894,19864.315,473859.87899999996
-117.656134,53.356912,6.8983849402937825,20448.732,489721.235
-117.825857,53.489402,1.5136395897857469,21490.97,512476.1
-117.822874,53.546783,0.5732022998319766,21854.873,518931.908
-118.002834,53.563511,-3.709275836640055,22381.528,531307.466
-118.235182,53.658952,-7.934753791592207,23189.69,550976.2980000001
-118.278294,53.727565,-8.659177582774372,23580.193,559246.197
-118.600021,53.860939,-13.00215701530685,24742.269,586246.099
-118.62681,53.915089,-12.927236033687347,25051.455,592979.865
-118.991494,53.926788,-16.043331055026464,26155.886000000002,617730.51
-119.158517,53.885057,-16.992534274435318,26865.351000000002,631867.976
-119.176448,53.924359,-17.308659724192793,27077.000000000004,636589.9110000001
-119.280388,53.95697,-21.92617564362047,28935.331000000002,646883.8150000001
-119.214797,54.020728,-21.449557064165578,30580.416,656041.863
-119.305525,54.063039,-23.935816023113823,32004.306,663952.313
-119.300156,54.133261,-23.083582213516728,34005.524,672837.809
-119.402986,54.152198,-26.134231156130205,35405.109,680571.741
-119.49307247534372,54.0865555136594,-26.134231156130205,35405.109,680571.741
-114.087835,51.0276233,100.0,0.0,0.0
-114.087847,51.027586,100.0,0.0,0.0
-114.087917,51.027598,99.99452197815646,45.981,51.382
-114.087804,51.02585,99.99611536671229,73.437,247.163
-114.089689,51.025951,99.9383079345429,92.02,389.358
-114.094703,51.027685,99.85157858595542,142.789,812.0930000000001
-114.083646,51.108532,98.33535748300915,1138.9099999999999,10097.181
-114.045017,51.110532,98.76674811528278,1479.8959999999997,13006.445
-114.00074,51.174183,96.82621620809529,1857.6799999999998,21198.826999999997
-114.024846,51.94367,77.70173151250593,4761.03,107242.60800000001
-113.814262,52.121477,72.46171365393558,5578.567999999999,131847.848
-113.860716,52.324595,67.56306936025008,6398.5289999999995,155750.248
-113.817049,52.430942,64.8994858573165,6817.157999999999,168252.01499999998
-113.66298,52.554494,60.86075746998069,7421.514999999999,186472.22199999998
-113.642843,52.997736,49.57618192849593,9052.106,236042.292
-113.492881,53.425177,39.28674397176741,10747.835,285930.999
-113.492473,53.430194,39.300220884944096,10769.744999999999,286490.441
-113.654005,53.474998,36.46498526891563,11294.696,300341.806
-113.660538,53.566066,34.436994667796476,11677.304,310558.95499999996
-113.660565,53.567523,34.48249262196047,11684.099,310722.43799999997
-114.213113,53.570289,26.963840888130445,13239.242,348653.78599999996
-114.22833,53.715169,23.401892539181894,13828.834,365447.70999999996
-115.038339,53.909075,11.199400720665915,16040.527000000002,425019.11199999996
-115.347048,54.060621,5.212100779385652,17001.888000000003,451523.70599999995
-115.580722,54.083334,0.8950074591641366,17551.966000000004,467499.35599999997
-115.780124,54.185935,-1.4386739668088686,18316.169000000005,485313.98299999995
-116.024775,54.211509,-6.2408470626023185,18873.483000000004,501621.5559999999
-116.179893,54.288609,-9.371893889620294,19379.794000000005,515459.67999999993
-116.582221,54.313461,-14.21934089170568,20358.233000000004,541826.879
-116.889551,54.419056,-19.05347862764998,21217.512000000002,565048.899
-117.115072,54.703196,-25.316362989550804,22542.443000000003,600380.4029999999
-117.270742,54.795443,-28.468243387941897,23086.519000000004,615438.9239999999
-117.284325,55.063426,-33.41648681933977,24393.857000000004,645470.4009999998
-117.538444,55.061757,-36.87500940021343,25000.280000000002,661949.3849999999
-117.954807,55.213514,-42.93984055304113,26211.645000000004,693844.1959999999
-118.179855,55.214174,-45.57957230565177,26747.052000000003,708206.9869999998
-118.258763,55.003999,-49.588359118151146,28164.763000000003,734018.8829999998
-118.244658,54.643121,-56.78230599420828,30524.069000000003,777393.1249999998
-117.950332,54.773229,-59.63114860788059,32711.025,805063.3569999997
-117.97974588278589,54.8582342205158,-59.63114860788059,32711.025,805063.3569999997
-114.087835,51.0276233,100.0,0.0,0.0
-114.087847,51.027586,100.0,0.0,0.0
-114.087917,51.027598,99.99452197815646,45.981,51.382
-114.087804,51.02585,99.99611536671229,73.437,247.163
-114.089689,51.025951,99.9383079345429,92.02,389.358
-114.094703,51.027685,99.85157858595542,142.789,812.0930000000001
-114.083646,51.108532,98.33535748300915,1138.9099999999999,10097.181
-114.045017,51.110532,98.76674811528278,1479.8959999999997,13006.445
-114.024846,51.94367,77.90329027839273,4760.465,107242.609
-113.814262,52.121477,72.63508055637875,5578.003000000001,131847.849
-113.860716,52.324595,67.73996092936427,6398.357000000001,155750.24899999998
-113.66298,52.554494,61.041007573708946,7421.343000000001,186472.224
-113.492881,53.425177,39.46534148029805,10748.2,285930.997
-113.492473,53.430194,39.491266003719794,10770.11,286490.43899999995
-113.654005,53.474998,36.65603038769133,11295.061000000002,300341.80399999995
-113.660538,53.566066,34.632259020835434,11678.192000000001,310558.9529999999
-113.660565,53.567523,34.6768586009734,11684.987000000001,310722.4359999999
-114.213113,53.570289,25.81447698197323,13029.476,348653.7839999999
-114.22319,53.712022,22.402736139262196,13597.143,364951.1109999999
-114.33654,53.732199,20.33760130701663,13873.292,372991.4389999999
-114.401865,54.152255,13.397432045896338,16077.043,421056.7199999999
-114.789308,54.333968,7.755550187854285,17688.509,456928.6459999999
-115.412746,54.710598,-8.627849131284801,20195.626999999997,518305.9509999999
-115.260654,54.970032,-10.685347489223398,21722.448999999997,551370.7789999999
-115.36042,55.316126,-16.724839543441785,23302.563,591788.0949999999
-116.113501,55.399685,-25.836860177379513,25386.811999999998,641964.1889999999
-116.12623234330471,55.35090459991658,-27.158554631940774,26122.035999999996,650976.1209999999
